{
  "title": "Default",
  "longTitle": "Default Feed",
  "description": "The default feed contains a collection of high-quality publicly available games and demos across the various applications (emulators, engines, etc.) that are supported by webЯcade.",
  "thumbnail": "https://webrcade.github.io/webrcade-default-feed/images/default-thumb.png",
  "background": "https://webrcade.github.io/webrcade-default-feed/images/default-background.png",
  "categories": [
    {
      "title": "Nintendo NES",
      "longTitle": "Nintendo Entertainment System Games",
      "background": "https://webrcade.github.io/webrcade-default-feed/images/nes-background.png",
      "thumbnail": "https://webrcade.github.io/webrcade-default-feed/images/nes-thumb.png",
      "description": "The Nintendo Entertainment System (NES) is an 8-bit third-generation home video game console produced by Nintendo. Nintendo first released it in Japan as the Family Computer, commonly known as the Famicom, in 1983. The NES, a remodelled version, was released internationally in the following years.",
      "items": [
        {
          "title": "Alter Ego",
          "type": "nes",
          "thumbnail": "https://webrcade.github.io/webrcade-default-feed/images/nes/alterego-thumb.png",
          "background": "https://webrcade.github.io/webrcade-default-feed/images/nes/alterego-background.png",
          "description": "You control a hero who has a phantom twin, his alter ego. When the hero moves, his alter ego moves in a mirrored fashion. In some levels the movements are mirrored horizontally, in others vertically. You can switch between the hero and his alter ego a limited number of times per level.",
          "props": {
            "rom": "https://raw.githubusercontent.com/webrcade/webrcade-default-feed/main/content/nes/Alter_Ego.nes"
          }
        },
        {
          "title": "Battle Kid",
          "longTitle": "Battle Kid: Fortress of Peril (Demo)",
          "type": "nes",
          "thumbnail": "https://webrcade.github.io/webrcade-default-feed/images/nes/battlekid-thumb.png",
          "background": "https://webrcade.github.io/webrcade-default-feed/images/nes/battlekid-background.png",
          "description": "Battle Kid is very similar to I Wanna Be the Guy, an indie freeware game for the PC, in terms of the design of the main character and the projectile weapon he possesses, the trial-and-error difficulty, and instant death mechanics of all enemies and hazards. However, the similarities end here as the actual gameplay and control is much more in the likeness of Mega Man games on the NES and the boss fights at the end of each major stage.",
          "props": {
            "rom": "https://raw.githubusercontent.com/webrcade/webrcade-default-feed/main/content/nes/BattleKid-Demo.nes"
          }
        },
        {
          "title": "Battle Kid 2",
          "longTitle": "Battle Kid 2: Mountain of Torment (Demo)",
          "type": "nes",
          "thumbnail": "https://webrcade.github.io/webrcade-default-feed/images/nes/battlekid2-thumb.png",
          "background": "https://webrcade.github.io/webrcade-default-feed/images/nes/battlekid2-background.png",
          "description": "The next phase of the vile group's plan has begun! The Supermech have have been destroyed, but that was only the beginning. You must venture through a giant mountain base and overcome its many dangers. Along the way, items will be found to allow access to new areas and grant you new abilities. An even bigger game than before awaits! Will the torment get to you?",
          "props": {
            "rom": "https://raw.githubusercontent.com/webrcade/webrcade-default-feed/main/content/nes/BattleKid2-NewDemo.nes"
          }
        },
        {
          "title": "Blade Buster",
          "type": "nes",
          "thumbnail": "https://webrcade.github.io/webrcade-default-feed/images/nes/bladebuster-thumb.png",
          "background": "https://webrcade.github.io/webrcade-default-feed/images/nes/bladebuster-background.png",
          "description": "Blade Buster is a score attack shmup that comes with two game modes; two and five minutes, each ending with an epic boss battle.",
          "props": {
            "rom": "https://raw.githubusercontent.com/webrcade/webrcade-default-feed/main/content/nes/BladeBuster.nes"
          }
        },
        {
          "title": "Driar",
          "type": "nes",
          "thumbnail": "https://webrcade.github.io/webrcade-default-feed/images/nes/driar-thumb.png",
          "background": "https://webrcade.github.io/webrcade-default-feed/images/nes/driar-background.png",
          "description": "Driar is a platform-game for the Nintendo Entertainment System/Famicom written by Stefan Adolfsson and David Eriksson. Take control of Driar and collect all the stars on each level to progress. You can walk around the screen (if you exit the screen on the right side you will reappear on the left side). There are 38 levels in total.",
          "props": {
            "pal": true,
            "rom": "https://raw.githubusercontent.com/webrcade/webrcade-default-feed/main/content/nes/Driar.nes"
          }
        },
        {
          "title": "Elite",
          "type": "nes",
          "thumbnail": "https://webrcade.github.io/webrcade-default-feed/images/nes/elite-thumb.png",
          "background": "https://webrcade.github.io/webrcade-default-feed/images/nes/elite-background.png",
          "description": "Elite is a space trading video game. It was originally written and developed for the BBC Micro and Acorn Electron computers. Elite's open-ended game model and revolutionary 3D graphics earned it a place as a classic and a genre maker in gaming history.",
          "props": {
            "pal": true,
            "rom": "https://raw.githubusercontent.com/webrcade/webrcade-default-feed/main/content/nes/elite.nes"
          }
        },
        {
          "title": "Lan Master",
          "type": "nes",
          "thumbnail": "https://webrcade.github.io/webrcade-default-feed/images/nes/lanmaster-thumb.png",
          "background": "https://webrcade.github.io/webrcade-default-feed/images/nes/lanmaster-background.png",
          "description": "Your goal is to connect a set of computers with the provided fragments of wires. To accomplish this, you need to rotate the wires and computers appropriately within the alloted time limit.",
          "props": {
            "rom": "https://raw.githubusercontent.com/webrcade/webrcade-default-feed/main/content/nes/Lan_Master.nes"
          }
        },
        {
          "title": "Lawn Mower",
          "type": "nes",
          "thumbnail": "https://webrcade.github.io/webrcade-default-feed/images/nes/lawnmower-thumb.png",
          "background": "https://webrcade.github.io/webrcade-default-feed/images/nes/lawnmower-background.png",
          "description": "You control a lawn mower, with a goal of cutting ten lawns. The speed of the mower can be controlled by pressing a button. If you run out of fuel, the game is over.",
          "props": {
            "rom": "https://raw.githubusercontent.com/webrcade/webrcade-default-feed/main/content/nes/Lawn_Mower.nes"
          }
        },
        {
          "title": "Legends of Owlia",
          "longTitle": "The Legends of Owlia",
          "type": "nes",
          "thumbnail": "https://webrcade.github.io/webrcade-default-feed/images/nes/owlia-thumb.png",
          "background": "https://webrcade.github.io/webrcade-default-feed/images/nes/owlia-background.png",
          "description": "The Legends of Owlia is Gradual Games' second release for the NES. It is an action-adventure game inspired by StarTropics, Crystalis, and the Legend of Zelda. Guide heroine Adlanniel and her owl friend Tyto to free the great owls and defeat Mermon king of the Mermen.",
          "props": {
            "rom": "https://raw.githubusercontent.com/webrcade/webrcade-default-feed/main/content/nes/owlia.nes"
          }
        },
        {
          "title": "NES Virus Cleaner",
          "type": "nes",
          "thumbnail": "https://webrcade.github.io/webrcade-default-feed/images/nes/nesvirus-thumb.png",
          "background": "https://webrcade.github.io/webrcade-default-feed/images/nes/nesvirus-background.png",
          "description": "In this game, you take on the role of a virus cleaning program, collecting bugs and avoiding hazards.",
          "props": {
            "rom": "https://raw.githubusercontent.com/webrcade/webrcade-default-feed/main/content/nes/nes_virus_cleaner.nes"
          }
        },
        {
          "title": "Nomolos",
          "longTitle": "Nomolos: Storming the Catsle",
          "type": "nes",
          "thumbnail": "https://webrcade.github.io/webrcade-default-feed/images/nes/nomolos-thumb.png",
          "background": "https://webrcade.github.io/webrcade-default-feed/images/nes/nomolos-background.png",
          "description": "Guide Nomolos through 12 action packed levels and defeat 4 of Boulder's most fearsome henchmen before finally confronting the evil Hippo in her lair, the Catsle.",
          "props": {
            "rom": "https://raw.githubusercontent.com/webrcade/webrcade-default-feed/main/content/nes/nomolos.nes"
          }
        },
        {
          "title": "PROTO DERE .NES",
          "type": "nes",
          "thumbnail": "https://webrcade.github.io/webrcade-default-feed/images/nes/protodere-thumb.png",
          "background": "https://webrcade.github.io/webrcade-default-feed/images/nes/protodere-background.png",
          "description": "In ‘PROTO DERE .NES’, you play as a character trying to escape a burning underground mine. Use your athletic prowess to jump over fires and climb ladders to reach the exit.",
          "props": {
            "rom": "https://raw.githubusercontent.com/webrcade/webrcade-default-feed/main/content/nes/PROTO DERE.NES"
          }
        },
        {
          "title": "Sir Ababol",
          "type": "nes",
          "thumbnail": "https://webrcade.github.io/webrcade-default-feed/images/nes/sirababol-thumb.png",
          "background": "https://webrcade.github.io/webrcade-default-feed/images/nes/sirababol-background.png",
          "description": "Sir Ababol is a 2D platform game about Sir Ababol, a young crusader from Manchester City who lives in the 11th century. He witnesses the courage of St. George from Capadocia against the infidels and stumbles over a rock, falling into the Alcoraz River that carries him to the Monegros' Desert. When he wakes up he realizes he has lost his sword.",
          "props": {
            "rom": "https://raw.githubusercontent.com/webrcade/webrcade-default-feed/main/content/nes/Sir Ababol (2013)(The Mojon Twins)[!].nes"
          }
        },
        {
          "title": "Streemerz",
          "type": "nes",
          "thumbnail": "https://webrcade.github.io/webrcade-default-feed/images/nes/streemerz-thumb.png",
          "background": "https://webrcade.github.io/webrcade-default-feed/images/nes/streemerz-background.png",
          "description": "Try climbing to the top of this one by throwing streamers and climbing them. On your way up you better watch out for the various pie throwing clowns, burning candles, and bouncing balls.",
          "props": {
            "rom": "https://raw.githubusercontent.com/webrcade/webrcade-default-feed/main/content/nes/streemerz-v02.nes"
          }
        }
      ]
    },
    {
      "title": "Nintendo SNES",
      "longTitle": "Super Nintendo Games",
      "background": "https://webrcade.github.io/webrcade-default-feed/images/snes-background.png",
      "thumbnail": "https://webrcade.github.io/webrcade-default-feed/images/snes-thumb.png",
      "description": "The SNES is Nintendo's second programmable home console, following the Nintendo Entertainment System (NES). The console introduced advanced graphics and sound capabilities compared with other systems at the time. The system was designed to accommodate the ongoing development of a variety of enhancement chips integrated into game cartridges to be competitive into the next generation.",
      "items": [
        {
          "title": "Christmas Craze",
          "description": "The first SNES homebrew game by RetroZone, Christmas Craze. Dodge aliens and grab gifts or fight your friends with snowballs in two player present picking battles.",
          "type": "snes",
          "thumbnail": "https://webrcade.github.io/webrcade-default-feed/images/snes/christmascraze-thumb.png",
          "background": "https://webrcade.github.io/webrcade-default-feed/images/snes/christmascraze-background.png",
          "props": {
            "rom": "https://raw.githubusercontent.com/webrcade/webrcade-default-feed/main/content/snes/Christmas_Craze.smc"
          }
        },
        {
          "title": "Gunman Clive",
          "longTitle": "Gunman Clive (Demo)",
          "description": "Gunman Clive is a platform game developed and published by Swedish indie video game development studio Hörberg Productions. The game follows a lone gunslinger in a futuristic Wild West as he tries to save the mayor's daughter from a group of technologically well-armed bandits.",
          "type": "snes",
          "thumbnail": "https://webrcade.github.io/webrcade-default-feed/images/snes/gunmanclive-thumb.png",
          "background": "https://webrcade.github.io/webrcade-default-feed/images/snes/gunmanclive-background.png",
          "props": {
            "rom": "https://raw.githubusercontent.com/webrcade/webrcade-default-feed/main/content/snes/GunmanClive.smc"
          }
        },
        {
          "title": "Jet Pilot Rising",
          "description": "Jet Pilot Rising is a homebrew game created by Dieter Von Laser. The game itself is a one button affair. You guide a cat riding a rocket, collecting coins and avoiding enemies and obstacles.",
          "type": "snes",
          "thumbnail": "https://webrcade.github.io/webrcade-default-feed/images/snes/jetpilotrising-thumb.png",
          "background": "https://webrcade.github.io/webrcade-default-feed/images/snes/jetpilotrising-background.png",
          "props": {
            "rom": "https://raw.githubusercontent.com/webrcade/webrcade-default-feed/main/content/snes/Jet Pilot Rising (J) (V1.1).sfc"
          }
        },
        {
          "title": "MazezaM Challenge",
          "description": "MazezaM Challenge (pronounced \"may-zam\") is a simple puzzle game based on MazezaM from Malcolm Tyrrell. You will have to go through 33 levels of mazes. You enter the maze on the left and you have to get to the exit on the right by pushing rows of blocks left and right.",
          "type": "snes",
          "thumbnail": "https://webrcade.github.io/webrcade-default-feed/images/snes/mazezam-thumb.png",
          "background": "https://webrcade.github.io/webrcade-default-feed/images/snes/mazezam-background.png",
          "props": {
            "rom": "https://raw.githubusercontent.com/webrcade/webrcade-default-feed/main/content/snes/MazezaM.sfc"
          }
        },
        {
          "title": "REM",
          "longTitle": "REM (Demo)",
          "description": "A single level demo of an eery homebrew platform game for the Super Nintendo.",
          "type": "snes",
          "thumbnail": "https://webrcade.github.io/webrcade-default-feed/images/snes/rem-thumb.png",
          "background": "https://webrcade.github.io/webrcade-default-feed/images/snes/rem-background.png",
          "props": {
            "rom": "https://raw.githubusercontent.com/webrcade/webrcade-default-feed/main/content/snes/rem.sfc"
          }
        },
        {
          "title": "Rodas Cross",
          "longTitle": "Rodas Cross (Demo)",
          "description": "Demo release of an action-adventure game with RPG elements for the Super Nintendo developed by Kaffeeware.",
          "type": "snes",
          "thumbnail": "https://webrcade.github.io/webrcade-default-feed/images/snes/rodascross-thumb.png",
          "background": "https://webrcade.github.io/webrcade-default-feed/images/snes/rodascross-background.png",
          "props": {
            "rom": "https://raw.githubusercontent.com/webrcade/webrcade-default-feed/main/content/snes/rodas_cross_demo_v1_03.smc"
          }
        },
        {
          "title": "Skipp and Friends",
          "description": "The object of the game is to move all three characters to the exit in each level. Each player has 2 limited special abilities that you may use to help advance through the level. The in-game status bar displays the name of each ability and how many times it can be used during that level.",
          "type": "snes",
          "thumbnail": "https://webrcade.github.io/webrcade-default-feed/images/snes/skippandfriends-thumb.png",
          "background": "https://webrcade.github.io/webrcade-default-feed/images/snes/skippandfriends-background.png",
          "props": {
            "rom": "https://raw.githubusercontent.com/webrcade/webrcade-default-feed/main/content/snes/SAF_hardware.smc"
          }
        },
        {
          "title": "Super Boss Gaiden",
          "description": "The very last Nintendo PlayStation prototype has fallen in the hands of the public, and homebrew enthusiasts have already managed to fully emulate the system. Instead of calmly discussing the situation and planning out the proper legal counter action, the boss promptly switches to rampage mode and proceeds to punch, kick and throw everything in sight, including employees and PlayStation mascots.",
          "type": "snes",
          "thumbnail": "https://webrcade.github.io/webrcade-default-feed/images/snes/superbossgaiden-thumb.png",
          "background": "https://webrcade.github.io/webrcade-default-feed/images/snes/superbossgaiden-background.png",
          "props": {
            "rom": "https://raw.githubusercontent.com/webrcade/webrcade-default-feed/main/content/snes/Super Boss Gaiden (J) (V1.2).sfc"
          }
        },
        {
          "title": "Uwol: Quest for Money",
          "description": "Uwol enjoys a quiet retirement at his cozy house in the beach of Pepinoni (province of Badajoz), so he doesn’t realize that somebody has stolen all his money from the bank. Luckly, his good ol’ friend Meemaid, the evil sorceress-turned-super heroine learned about the incident as she was using the ATM in the very moment the bank was being robbed. That’s why they decide to head back over to the new and refurnished Storm Palace to regain the lost fortune.",
          "type": "snes",
          "thumbnail": "https://webrcade.github.io/webrcade-default-feed/images/snes/uwol-thumb.png",
          "background": "https://webrcade.github.io/webrcade-default-feed/images/snes/uwol-background.png",
          "props": {
            "rom": "https://raw.githubusercontent.com/webrcade/webrcade-default-feed/main/content/snes/questformoney.sfc"
          }
        }
      ]
    },
    {
      "title": "Sega Master System",
      "longTitle": "Sega Master System Games",
      "background": "https://webrcade.github.io/webrcade-default-feed/images/mastersystem-background.png",
      "thumbnail": "https://webrcade.github.io/webrcade-default-feed/images/mastersystem-thumb.png",
      "description": "The Sega Master System is a third-generation 8-bit home video game console manufactured by Sega. It was originally a remodeled export version of the Sega Mark III, the third iteration of the SG-1000 series of consoles.  A Japanese version of the Master System was also launched in 1987, which features a few enhancements over the export models: a built-in FM audio chip, a rapid-fire switch, and a dedicated port for the 3D glasses.",
      "items": [
        {
          "title": "Astro Force",
          "type": "sms",
          "thumbnail": "https://webrcade.github.io/webrcade-default-feed/images/sms/astroforce-thumb.png",
          "background": "https://webrcade.github.io/webrcade-default-feed/images/sms/astroforce-background.png",
          "description": "Astro Force is a nod to classic Shoot ’em ups from back in the day. Heavily inspired by Thunder force, RSG, Aleste, Gaiares, MSX Nemesis, and R-Type. Astro Force features 6 stages, 30+ enemy types, and 11 bosses.",
          "props": {
            "rom": "https://raw.githubusercontent.com/webrcade/webrcade-default-feed/main/content/sms/astroforce-playable.sms"
          }
        },
        {
          "title": "Bara Burū",
          "type": "sms",
          "thumbnail": "https://webrcade.github.io/webrcade-default-feed/images/sms/baraburu-thumb.png",
          "background": "https://webrcade.github.io/webrcade-default-feed/images/sms/baraburu-background.png",
          "description": "Seemingly out of the blue, vile sea creatures start attacking peaceful coastal towns, as a strange tower-like structure rises from the icy depths of the ocean. Guide master ninjas Bara and Burū through thirty levels of the mysterious tower and vanquish the evil that dwells within!",
          "props": {
            "rom": "https://raw.githubusercontent.com/webrcade/webrcade-default-feed/main/content/sms/BaraBuruu-SMS-1.00.sms"
          }
        },
        {
          "title": "Bruce Lee",
          "type": "sms",
          "thumbnail": "https://webrcade.github.io/webrcade-default-feed/images/sms/brucelee-thumb.png",
          "background": "https://webrcade.github.io/webrcade-default-feed/images/sms/brucelee-background.png",
          "description": "You’re Bruce Lee, the undisputed master of martial arts. In a mysterious  and perilous fortress you seek to claim infinite wealth and the secret of immortality from the wizard who dwells within.",
          "props": {
            "rom": "https://raw.githubusercontent.com/webrcade/webrcade-default-feed/main/content/sms/BruceLee-SMS-1.00.sms"
          }
        },
        {
          "title": "Cimmerian",
          "longTitle": "Cimmerian (Demo)",
          "type": "sms",
          "thumbnail": "https://webrcade.github.io/webrcade-default-feed/images/sms/cimmerian-thumb.png",
          "background": "https://webrcade.github.io/webrcade-default-feed/images/sms/cimmerian-background.png",
          "description": "A \"pseudo\" port of the famous Barbarian. (\"pseudo\" because many little things have changed). Cimmerian includes story and versus modes along with 3 distinct arenas.",
          "props": {
            "rom": "https://raw.githubusercontent.com/webrcade/webrcade-default-feed/main/content/sms/CIMMERIAN_demo_v102.sms"
          }
        },
        {
          "title": "DARC",
          "type": "sms",
          "thumbnail": "https://webrcade.github.io/webrcade-default-feed/images/sms/darc-thumb.png",
          "background": "https://webrcade.github.io/webrcade-default-feed/images/sms/darc-background.png",
          "description": "DARC is a jetpack shooter game inspired several games (\"Air fortress\"(NES), \"H.E.R.O\". and \"Hero Core\"(PC)). The protagonist can fly and shoot in separate directions. Each of the gamepad keys represent a shooting direction. Your goal is to infiltrate the alien fortress. Destroy the cores to disable force fields and advance through the game.",
          "props": {
            "ym2413": true,
            "rom": "https://raw.githubusercontent.com/webrcade/webrcade-default-feed/main/content/sms/DARC.sms"
          }
        },
        {
          "title": "Flight of Pigarus",
          "type": "sms",
          "thumbnail": "https://webrcade.github.io/webrcade-default-feed/images/sms/pigarus-thumb.png",
          "background": "https://webrcade.github.io/webrcade-default-feed/images/sms/pigarus-background.png",
          "description": "You are Pigarus, the flying pig. Score as many points as you can in the allotted time.",
          "props": {
            "pal": true,
            "rom": "https://raw.githubusercontent.com/webrcade/webrcade-default-feed/main/content/sms/FlightOfPigarus-SMS-1.11.sms"
          }
        },
        {
          "title": "Galactic Revenge",
          "type": "sms",
          "thumbnail": "https://webrcade.github.io/webrcade-default-feed/images/sms/galacticrevenge-thumb.png",
          "background": "https://webrcade.github.io/webrcade-default-feed/images/sms/galacticrevenge-background.png",
          "description": "It's the year 33XXX. Dirty aliens from a faraway galaxy emptied your refrigerator and killed your boyfriend. Confident in their superiority, they also had the nerve to steal your beloved Master System. Your are Olivia Gun. Get your blastin' shoes on and pick from three killer outfits. Wield fire, spread shots, lasers, and even shurikens.",
          "props": {
            "rom": "https://raw.githubusercontent.com/webrcade/webrcade-default-feed/main/content/sms/galacticrevenge-v3.sms"
          }
        },
        {
          "title": "Mecha 8",
          "longTitle": "Mecha 8 (Demo)",
          "type": "sms",
          "thumbnail": "https://webrcade.github.io/webrcade-default-feed/images/sms/mecha8-thumb.png",
          "background": "https://webrcade.github.io/webrcade-default-feed/images/sms/mecha8-background.png",
          "description": "Merciless aliens are overrunning a small planet. The last remaining defense is the Mecha Research Lab and its two mechas. Guide Tricia Thunder on board Mecha-8 to take back the planet!",
          "props": {
            "ym2413": true,
            "rom": "https://raw.githubusercontent.com/webrcade/webrcade-default-feed/main/content/sms/mecha8_demo_smscompo.sms"
          }
        },
        {
          "title": "Monkey Lad",
          "type": "sms",
          "thumbnail": "https://webrcade.github.io/webrcade-default-feed/images/sms/monkeylad-thumb.png",
          "background": "https://webrcade.github.io/webrcade-default-feed/images/sms/monkeylad-background.png",
          "description": "A platform game for the Sega Master System. Run around and stomp on the monsters!",
          "props": {
            "rom": "https://raw.githubusercontent.com/webrcade/webrcade-default-feed/main/content/sms/monkeylad.sms"
          }
        },
        {
          "title": "Silver Valley",
          "type": "sms",
          "thumbnail": "https://webrcade.github.io/webrcade-default-feed/images/sms/silvervalley-thumb.png",
          "background": "https://webrcade.github.io/webrcade-default-feed/images/sms/silvervalley-background.png",
          "description": "Silver Valley is a mash of other games such as Castlevania or Wonderboy and features not just platforming but also flying, shooting and even sailing through 64 or more levels, all contained with a story driving the action.",
          "props": {
            "rom": "https://raw.githubusercontent.com/webrcade/webrcade-default-feed/main/content/sms/silvervalley-final.sms"
          }
        },
        {
          "title": "Super Uwol!",
          "type": "sms",
          "thumbnail": "https://webrcade.github.io/webrcade-default-feed/images/sms/superuwol-thumb.png",
          "background": "https://webrcade.github.io/webrcade-default-feed/images/sms/superuwol-background.png",
          "description": "Uwol enjoys a quiet retirement at his cozy house in the beach of Pepinoni (province of Badajoz), so he doesn’t realize that somebody has stolen all his money from the bank. Luckly, his good ol’ friend Meemaid, the evil sorceress-turned-super heroine learned about the incident as she was using the ATM in the very moment the bank was being robbed. That’s why they decide to head back over to the new and refurnished Storm Palace to regain the lost fortune.",
          "props": {
            "rom": "https://raw.githubusercontent.com/webrcade/webrcade-default-feed/main/content/sms/mojon-twins--super-uwol.sg"
          }
        },
        {
          "title": "Wing Warriors",
          "type": "sms",
          "thumbnail": "https://webrcade.github.io/webrcade-default-feed/images/sms/wingwarriors-thumb.png",
          "background": "https://webrcade.github.io/webrcade-default-feed/images/sms/wingwarriors-background.png",
          "description": "Wing Warriors is a multi-platform game developed in 2015 for MSX and in 2019 for Master System, Game Gear, and Gameboy. It’s a classic shooting game with some bullet-hell reminiscences. 6 stages with 3 bosses, 3 different players to choose from, and a lot of bullets to avoid.",
          "props": {
            "sms2": true,
            "rom": "https://raw.githubusercontent.com/webrcade/webrcade-default-feed/main/content/sms/WingWarriors.sms"
          }
        }
      ]
    },
    {
      "title": "Sega Genesis",
      "longTitle": "Sega Genesis Games",
      "background": "https://webrcade.github.io/webrcade-default-feed/images/genesis-background.png",
      "thumbnail": "https://webrcade.github.io/webrcade-default-feed/images/genesis-thumb.png",
      "description": "The Sega Genesis, known as the Mega Drive outside North America, is a 16-bit fourth-generation home video game console developed and sold by Sega. Designed by an R&D team supervised by Hideki Sato and Masami Ishikawa, the Genesis was adapted from Sega's System 16 arcade board, centered on a Motorola 68000 processor as the CPU, a Zilog Z80 as a sound controller, and a video system supporting hardware sprites, tiles, and scrolling.",
      "items": [
        {
          "title": "Arkagis Revolution",
          "longTitle": "Arkagis Revolution (Trial)",
          "description": "A top-down shooter for Sega Genesis/Mega Drive with mode 7 style rotation! Year 2612. Humans have started to travel space and colonizing other planets. For decades, the nation of Arkagis has been under the power of a dictator. The United Space Colonies have sent an army to bring down the dictator and free Arkagis.",
          "type": "genesis",
          "thumbnail": "https://webrcade.github.io/webrcade-default-feed/images/genesis/arkargisrevolution-thumb.png",
          "background": "https://webrcade.github.io/webrcade-default-feed/images/genesis/arkargisrevolution-background.png",
          "props": {
            "rom": "https://raw.githubusercontent.com/webrcade/webrcade-default-feed/main/content/genesis/Arkagis Revolution - Trial Version (Rev 00).bin"
          }
        },
        {
          "title": "Cave Story",
          "description": "Cave Story (Japanese: 洞窟物語, Hepburn: Dōkutsu Monogatari) is a 2004 Metroidvania platform-adventure game. It was developed over five years by Japanese developer Daisuke \"Pixel\" Amaya in his free time. Cave Story features 2D platform mechanics and is reminiscent of the games Amaya played in his youth, such as Metroid and Castlevania (both released in 1986).",
          "type": "genesis",
          "thumbnail": "https://webrcade.github.io/webrcade-default-feed/images/genesis/cavestory-thumb.png",
          "background": "https://webrcade.github.io/webrcade-default-feed/images/genesis/cavestory-background.png",
          "props": {
            "rom": "https://raw.githubusercontent.com/webrcade/webrcade-default-feed/main/content/genesis/cavestory.bin"
          }
        },
        {
          "title": "Demons of Asteborg",
          "longTitle": "Demons of Asteborg (Demo)",
          "description": "Demons Of Asteborg is a new original title for the Sega Genesis which will be released both as a physical cartridge and as a downloadable ROM for emulators and flash cards. It is a platform-based game with some metroidvania elements inspired by a lot of others MegaDrive/Genesis titles like Ghouls’n Ghosts, Castlevania, Mickey Mania, Space Harrier or Panzer Dragoon.",
          "type": "genesis",
          "thumbnail": "https://webrcade.github.io/webrcade-default-feed/images/genesis/demonsofasteborg-thumb.png",
          "background": "https://webrcade.github.io/webrcade-default-feed/images/genesis/demonsofasteborg-background.png",
          "props": {
            "rom": "https://raw.githubusercontent.com/webrcade/webrcade-default-feed/main/content/genesis/Demons_of_Asteborg_DEMO_v21072020.bin"
          }
        },
        {
          "title": "IK+ Deluxe",
          "description": "Fight your way through this stunning sequel to International Karate. Spectacular animated backgrounds, amazing moves including double head-kick and bon-bending backflips.",
          "type": "genesis",
          "thumbnail": "https://webrcade.github.io/webrcade-default-feed/images/genesis/ikplus-thumb.png",
          "background": "https://webrcade.github.io/webrcade-default-feed/images/genesis/ikplus-background.png",
          "props": {
            "rom": "https://raw.githubusercontent.com/webrcade/webrcade-default-feed/main/content/genesis/ikplusdeluxe.bin"
          }
        },
        {
          "title": "Irena Genesis",
          "longTitle": "Irena Genesis Metal Fury (Demo)",
          "description": "Switch into battle mode to control the ultimate warship and battle the mighty Emperor Zerox's army who reign with an iron fist on planet Xellia. Find and destroy the magnetic field source which holds the intergalactic ship that you escort or become the leader of the rebellion by releasing the enslaved population for millennia. Help Major Celina Pelinsky accomplish this most perilous mission, but are you really ready to fight for freedom?",
          "type": "genesis",
          "thumbnail": "https://webrcade.github.io/webrcade-default-feed/images/genesis/irena-thumb.png",
          "background": "https://webrcade.github.io/webrcade-default-feed/images/genesis/irena-background.png",
          "props": {
            "rom": "https://raw.githubusercontent.com/webrcade/webrcade-default-feed/main/content/genesis/irena-ks-demo-update-21012021203626.bin"
          }
        },
        {
          "title": "Ixion",
          "description": "Nendo's Ixion for the Sega Genesis is an interesting take on the bullet hell shooter genre. In this game you must avoid the onslaught of bullets without having the ability to fire back.",
          "type": "genesis",
          "thumbnail": "https://webrcade.github.io/webrcade-default-feed/images/genesis/ixion-thumb.png",
          "background": "https://webrcade.github.io/webrcade-default-feed/images/genesis/ixion-background.png",
          "props": {
            "rom": "https://raw.githubusercontent.com/webrcade/webrcade-default-feed/main/content/genesis/ixion.bin"
          }
        },
        {
          "title": "Lethal Wedding",
          "longTitle": "Lethal Wedding (Demo)",
          "description": "Get ready to Bride Hard as you fight through insane odds and some mother-daughter issues! Say \"I do\" to bullets and blood in this top-down RPG shooter!",
          "type": "genesis",
          "thumbnail": "https://webrcade.github.io/webrcade-default-feed/images/genesis/lethalwedding-thumb.png",
          "background": "https://webrcade.github.io/webrcade-default-feed/images/genesis/lethalwedding-background.png",
          "props": {
            "rom": "https://raw.githubusercontent.com/webrcade/webrcade-default-feed/main/content/genesis/LW_build_0446.bin"
          }
        },
        {
          "title": "Mega Q*bert",
          "description": "Mega Q*bert is a new game for Sega Mega Drive/Sega Genesis. Featured are 2 different game modes. Mega mode contains 80 levels to beat, often filled with new irregular blocks that make things harder and more complex enemies, while Arcade mode is a recreation of original arcade game (based on the NES iteration, to be more exact). Both modes offer simultaneous cooperative gameplay.",
          "type": "genesis",
          "thumbnail": "https://webrcade.github.io/webrcade-default-feed/images/genesis/megaqbert-thumb.png",
          "background": "https://webrcade.github.io/webrcade-default-feed/images/genesis/megaqbert-background.png",
          "props": {
            "rom": "https://raw.githubusercontent.com/webrcade/webrcade-default-feed/main/content/genesis/Mega Qbert.bin"
          }
        },
        {
          "title": "Old Towers",
          "description": "In Old Towers you play as a little explorer in towers full of deadly traps and ugly skulls. Your only weapons are quick-thinking and skill. Old Towers is inspired by Tomb Of The Mask from Playgendary.",
          "type": "genesis",
          "thumbnail": "https://webrcade.github.io/webrcade-default-feed/images/genesis/oldtowers-thumb.png",
          "background": "https://webrcade.github.io/webrcade-default-feed/images/genesis/oldtowers-background.png",
          "props": {
            "rom": "https://raw.githubusercontent.com/webrcade/webrcade-default-feed/main/content/genesis/oldtowers.bin"
          }
        },
        {
          "title": "Omega Blast",
          "description": "Omega Blast was created by homebrew developer Nendo. It is a bullet hell shooter in which you have 2 minutes to blast everything you possibly can to achieve the highest score.",
          "type": "genesis",
          "thumbnail": "https://webrcade.github.io/webrcade-default-feed/images/genesis/omegablast-thumb.png",
          "background": "https://webrcade.github.io/webrcade-default-feed/images/genesis/omegablast-background.png",
          "props": {
            "rom": "https://raw.githubusercontent.com/webrcade/webrcade-default-feed/main/content/genesis/omega_blast.bin"
          }
        },
        {
          "title": "Papi Commando Remix",
          "longTitle": "Papi Commando Remix (Demo)",
          "description": "An independently developed project by Studio Vetea, published by WaterMelon. The evil Ceplusplus has sent a thief to Papi's home and has stolen his CommoStrad! Papi Commando must wear his headband yet again and wages war to recover his computer!",
          "type": "genesis",
          "thumbnail": "https://webrcade.github.io/webrcade-default-feed/images/genesis/papicommandoremix-thumb.png",
          "background": "https://webrcade.github.io/webrcade-default-feed/images/genesis/papicommandoremix-background.png",
          "props": {
            "rom": "https://raw.githubusercontent.com/webrcade/webrcade-default-feed/main/content/genesis/papicommandoremix.bin"
          }
        },
        {
          "title": "Phantom Gear",
          "longTitle": "Phantom Gear (Demo)",
          "description": "Phantom Gear mixes elements from a variety of classic action platformers for a unique and exciting package, and allows players to approach the game how they see fit. Lock ‘n’ load to power through levels, or use your skills and abilities to search for Gears and Orbs.",
          "type": "genesis",
          "thumbnail": "https://webrcade.github.io/webrcade-default-feed/images/genesis/phantomgear-thumb.png",
          "background": "https://webrcade.github.io/webrcade-default-feed/images/genesis/phantomgear-background.png",
          "props": {
            "rom": "https://raw.githubusercontent.com/webrcade/webrcade-default-feed/main/content/genesis/phantom_gear_0.21.bin"
          }
        },
        {
          "title": "Pringles",
          "description": "There are three worlds with three levels each. Collect all the Pringles you can and don’t jump in the wrong direction!",
          "type": "genesis",
          "thumbnail": "https://webrcade.github.io/webrcade-default-feed/images/genesis/pringles-thumb.png",
          "background": "https://webrcade.github.io/webrcade-default-feed/images/genesis/pringles-background.png",
          "props": {
            "rom": "https://raw.githubusercontent.com/webrcade/webrcade-default-feed/main/content/genesis/PRINGLES.BIN"
          }
        },
        {
          "title": "Project MD",
          "longTitle": "Project MD (Unfinished)",
          "description": "In this game, you play as Stephany, who loves playing games. She finds everyday life boring, so she creates a virtual world to roam around in and enjoy. However, she will soon realize that not all is happy in this realm.",
          "type": "genesis",
          "thumbnail": "https://webrcade.github.io/webrcade-default-feed/images/genesis/projectmd-thumb.png",
          "background": "https://webrcade.github.io/webrcade-default-feed/images/genesis/projectmd-background.png",
          "props": {
            "rom": "https://raw.githubusercontent.com/webrcade/webrcade-default-feed/main/content/genesis/projmd-20120429.bin"
          }
        },
        {
          "title": "Rick Dangerous",
          "description": "Will Rick Dangerous, intrepid Super Hero and part-time stamp collector, survive his first mission in the Aztec temple of the tribe? Should he do so, Rick will face new hazards in the Egyptian tomb and the enemy fortress.",
          "type": "genesis",
          "thumbnail": "https://webrcade.github.io/webrcade-default-feed/images/genesis/rickdangerous-thumb.png",
          "background": "https://webrcade.github.io/webrcade-default-feed/images/genesis/rickdangerous-background.png",
          "props": {
            "rom": "https://raw.githubusercontent.com/webrcade/webrcade-default-feed/main/content/genesis/rickdangerous.bin"
          }
        },
        {
          "title": "Tanglewood",
          "longTitle": "Tanglewood (Demo)",
          "description": "Set in a fictional world, the game follows a young creature, Nymn, who is separated from the family pack after the sun sets. Unable to get back to the safety of the underground home, Nymn must find a way to survive the night terrors and get to morning.",
          "type": "genesis",
          "thumbnail": "https://webrcade.github.io/webrcade-default-feed/images/genesis/tanglewood-thumb.png",
          "background": "https://webrcade.github.io/webrcade-default-feed/images/genesis/tanglewood-background.png",
          "props": {
            "rom": "https://raw.githubusercontent.com/webrcade/webrcade-default-feed/main/content/genesis/TANGLEWD.BIN"
          }
        },
        {
          "title": "VilQ Adventure",
          "description": "A non-stop side scrolling jump, run, and slider in which you need to avoid the enemies, pick up food, and get as far as possible to reach the highest score.",
          "type": "genesis",
          "thumbnail": "https://webrcade.github.io/webrcade-default-feed/images/genesis/vilq-thumb.png",
          "background": "https://webrcade.github.io/webrcade-default-feed/images/genesis/vilq-background.png",
          "props": {
            "rom": "https://raw.githubusercontent.com/webrcade/webrcade-default-feed/main/content/genesis/vilqadventure.bin"
          }
        },
        {
          "title": "Xump 2",
          "longTitle": "Xump 2: Back to Space",
          "description": "Xump 2 is a simple multi-platform puzzler by Retroguru. Help Misuki clean up deserted space fields. Obstacles like mines, teleport sectors and arrow walkways appear progressively throughout the game.",
          "type": "genesis",
          "thumbnail": "https://webrcade.github.io/webrcade-default-feed/images/genesis/xump2-thumb.png",
          "background": "https://webrcade.github.io/webrcade-default-feed/images/genesis/xump2-background.png",
          "props": {
            "rom": "https://raw.githubusercontent.com/webrcade/webrcade-default-feed/main/content/genesis/xump2_100-digital (free release).bin"
          }
        }
      ]
    },
    {
      "title": "Arcade",
      "items": [
        {
          "props": {
            "rom": "https://ia902201.us.archive.org/20/items/fbnarcade-fullnonmerged/arcade/umk3.zip",
            "additionalRoms": []
          },
          "type": "arcade",
          "title": "Ultimate Mortal Kombat 3",
          "description": "Prepare for the fight of your life! Enter the world of ULTIMATE Mortal Kombat 3 and discover 22 playable characters, classic fatalities, brutalities, friendships, and babalities with tons of environments, and multiplayer Kombat Mode as you fight to defeat",
          "thumbnail": "https://raw.githubusercontent.com/webrcade-assets/webrcade-assets-fbneo-images/master/Named_Titles/resized/Ultimate%20Mortal%20Kombat%203%20(rev%201.0).png",
          "background": "https://raw.githubusercontent.com/webrcade-assets/webrcade-assets-fbneo-images/master/Named_Snaps/output/Ultimate%20Mortal%20Kombat%203%20(rev%201.0).png",
          "backgroundPixelated": true,
          "added": 1721951248300
        },
        {
          "props": {
            "rom": "https://ia902201.us.archive.org/20/items/fbnarcade-fullnonmerged/arcade/mk.zip"
          },
          "type": "arcade",
          "title": "Mortal Kombat",
          "description": "The series takes place in a fictional universe that consists of six surviving realms which, according to in-game backstories, were created by the Elder Gods.",
          "thumbnail": "https://raw.githubusercontent.com/webrcade-assets/webrcade-assets-fbneo-images/master/Named_Titles/resized/Mortal%20Kombat%20(Nifty%20Kombo%20666%2C%20hack).png",
          "background": "https://raw.githubusercontent.com/webrcade-assets/webrcade-assets-fbneo-images/master/Named_Snaps/output/Mortal%20Kombat%20(Nifty%20Kombo%20666%2C%20hack).png",
          "backgroundPixelated": true,
          "added": 1721951290508
        },
        {
          "props": {
            "rom": "https://ia902201.us.archive.org/20/items/fbnarcade-fullnonmerged/arcade/mk2.zip"
          },
          "type": "arcade",
          "title": "Mortal Kombat II",
          "description": "Following his failure to defeat to Liu Kang in the first Mortal Kombat game, the evil sorcerer Shang Tsung begs his master, Shao Kahn, to spare his life.",
          "thumbnail": "https://raw.githubusercontent.com/webrcade-assets/webrcade-assets-fbneo-images/master/Named_Titles/resized/Mortal%20Kombat%20II%20(rev%20L1.1).png",
          "background": "https://raw.githubusercontent.com/webrcade-assets/webrcade-assets-fbneo-images/master/Named_Snaps/output/Mortal%20Kombat%20II%20(rev%20L1.1).png",
          "backgroundPixelated": true,
          "added": 1721951317535
        },
        {
          "props": {
            "rom": "https://ia902201.us.archive.org/20/items/fbnarcade-fullnonmerged/arcade/mk3.zip"
          },
          "type": "arcade",
          "title": "Mortal Kombat 3",
          "description": "MORTAL KOMBAT 3 is the third installment in this immensely popular and intensely gory series. Shao Kahn has assumed control of Earth and the Outworld, and now both are plunged into darkness, overrun by his barbaric beasts.",
          "thumbnail": "https://raw.githubusercontent.com/webrcade-assets/webrcade-assets-fbneo-images/master/Named_Titles/resized/Mortal%20Kombat%203%20(rev%201%20chip%20label%20p4.0).png",
          "background": "https://raw.githubusercontent.com/webrcade-assets/webrcade-assets-fbneo-images/master/Named_Snaps/output/Mortal%20Kombat%203%20(rev%201%20chip%20label%20p4.0).png",
          "backgroundPixelated": true,
          "added": 1721951344060
        },
        {
          "props": {
            "rom": "https://ia902201.us.archive.org/20/items/fbnarcade-fullnonmerged/arcade/sf2ce.zip"
          },
          "type": "arcade",
          "title": "Street Fighter II - Champion Edition",
          "description": "This was the first official sequel to \"Street Fighter II - The World Warriors\".",
          "thumbnail": "https://raw.githubusercontent.com/webrcade-assets/webrcade-assets-fbneo-images/master/Named_Titles/resized/Street%20Fighter%20II%20-%20Champion%20Edition%20(Alpha%20Magic-F%20bootleg%20set%201%2C%20920313%20etc).png",
          "background": "https://raw.githubusercontent.com/webrcade-assets/webrcade-assets-fbneo-images/master/Named_Snaps/output/Street%20Fighter%20II%20-%20Champion%20Edition%20(Alpha%20Magic-F%20bootleg%20set%201%2C%20920313%20etc).png",
          "backgroundPixelated": true,
          "added": 1721951722163
        },
        {
          "props": {
            "rom": "https://ia902201.us.archive.org/20/items/fbnarcade-fullnonmerged/arcade/hsf2.zip"
          },
          "type": "arcade",
          "title": "Hyper Street Fighter II: The Anniversary Edition",
          "description": "",
          "thumbnail": "https://raw.githubusercontent.com/webrcade-assets/webrcade-assets-fbneo-images/master/Named_Titles/resized/Hyper%20Street%20Fighter%20II_%20The%20Anniversary%20Edition%20(031222%20Japan).png",
          "background": "https://raw.githubusercontent.com/webrcade-assets/webrcade-assets-fbneo-images/master/Named_Snaps/output/Hyper%20Street%20Fighter%20II_%20The%20Anniversary%20Edition%20(031222%20Japan).png",
          "backgroundPixelated": true,
          "added": 1721951785965
        }
      ],
      "backgroundPixelated": false
    }
  ],
  "props": {}
}